path,bytes,sha256
.gitignore,70,1944f629fea96b8255ec72477d0e5b03ac57a6ffd5cb9c08324df2f5cdfda2cc
CHANGELOG.md,493,c4ddd1a6abcd8a06855ce4ee2537b9b2555d77a99b56e10142eb754ad073819e
CITATION.cff,627,a60e41d3ebf8530007d22c0d0ae0374c4cabc59333e37cc9241c858630fdcab1
DATA_AND_DOCUMENTATION_LICENSE.md,576,f0a0834a770c1a8f080c3df4fc65fc675da86b27f1d22800dda624a440065322
LICENSE,1083,88f17c7793c2bb7f7dc6d736f78ab35e2a80f5d228d430007c33575d6f04612a
MANUSCRIPT_CODE_AVAILABILITY_TEXT.md,1133,37eebf55fdce4d91c3c88edf0be595bee5d932844d9ad0489fd3130ccd439064
README.md,4278,d091a34f476984398ae5578d33c8e3b648714659503adfecc35f0b746d379349
examples/__pycache__/quick_test.cpython-313.pyc,3689,7c16d5c9930c3c9fbbd61414b975675b06a6a2b33d7a63f2e615046ec21272e8
examples/quick_test.py,1971,ba91d10698a41833fcb3af549b63f27c7884e54973569186ea6894a0eb5769ab
requirements.txt,150,741301ac4fc23199a2f60bff240cfce34424286ed1833a91b22875c59926aacd
resource_1_workflow_template/README.md,1881,e023abd31cab84acb0b44ececde149e255d01881a2e941da6dabc44e6bd61732
resource_1_workflow_template/__pycache__/or1_workflow_template.cpython-313.pyc,5669,5662655256511621b1a43efe33af1df8560f3fff19fd8af04f16435e4500ec82
resource_1_workflow_template/or1_workflow_template.py,4134,76a971b08c0eb2ff86786e6543bd96b001411943869ecc4a996a7477920cd458
resource_2_bibliographic_audit/DATA_LICENSE.md,242,fc272f891872372316e1169ee307269b4aba16faa43345db66fdaffdd0239c48
resource_2_bibliographic_audit/MANIFEST.csv,880,664e883e13cd211ef3ff002869617c2bbe46d2bb06f97826201d334c3849a0d2
resource_2_bibliographic_audit/README.md,2519,98fe15ae8e35fb669c070e10b7892843592a30ad781a3fa207161cf909cd81eb
resource_2_bibliographic_audit/bibliographic_audit.xlsx,25468,672b2ff7de3b80cf2f51c5d7a0c42af505eeb8afe58fd3c62be4447127a74c8f
resource_2_bibliographic_audit/combined_unique_index_556.csv,246952,91366d148b6a7d511c3be6cfa55a0ea4f9287066e2fe4bd2fe555c6b5b5bd476
resource_2_bibliographic_audit/dimensions_derived_index_500.csv,199127,cb5435b2f3d9f7c52db04e8f2f06eafc8da0e1ce4836d7ddb1dd5a1cdbcf3f72
resource_2_bibliographic_audit/doi_overlap_95.csv,34402,d5bfc76e37fe59293172dd2cbd3af986cdc4b82de447a78d609036780b8fe55b
resource_2_bibliographic_audit/scopus_derived_index_151.csv,58611,1ae120302020c8ff7298dbbfd0df63002835efde332c76653bc62c5641c88a6f
resource_2_bibliographic_audit/table1_summary_counts.csv,923,5008d26e1d2643a968e9f3272630adb75d36c94052cbd08e21ddd0fbf07ed8c8
resource_2_bibliographic_audit/thematic_map_author_year.csv,1955,7186241f76f3d87d711c0fbdb06a806664dcb6e75994f2fa28e749e5f926ebdd
resource_3_synthetic_demo/DIAGNOSTIC_SUMMARY.md,3349,265255a3330e7c486ea5b4b0221f741d4d5c8ba08563a8852cc13b56483e60fb
resource_3_synthetic_demo/FIGURE_FILENAME_MAPPING.txt,924,2cda226e328186e2dcf4ff922313baba91d04e013f792d4bf4a8b542ecc795fd
resource_3_synthetic_demo/MANIFEST.csv,2399,05c8ca5584e6162eb255165f52dbc29e5747265fde74337bb90cb70b7b278a0c
resource_3_synthetic_demo/README.md,2756,3573fa1de5d4f35e44266309bc6a7308bb5e43a744c468e78a969b24f688d5db
resource_3_synthetic_demo/__pycache__/or3_demo.cpython-313.pyc,40575,0352e2285a36cf9f064e8a704caf0a23ff96e15355b6ab5c969529af5ce42222
resource_3_synthetic_demo/__pycache__/or3_trace_replay.cpython-313.pyc,19458,743f73650a454db45b056c20fdf0af0992709c43cdd0f5fbc9734a8193ee6c99
resource_3_synthetic_demo/ablation.json,1136,f694fba2aa9ff3af630a48a03851beb163b701bd8b0a3e212d4a27b70d1117ef
resource_3_synthetic_demo/config.json,2410,693a6dedc7c39d20701b6d816b9921b07d54bb5f7a5e51da95584bcef9f5d09c
resource_3_synthetic_demo/decision_record.json,2943,ca4da3b97595a1a009d04ce1dd7e319967ac89075c32c910607617e08f6a2925
resource_3_synthetic_demo/diagnostics.json,917,f7814a3e2d9bedf60c6a4ddc64fd80948a335d7232b8987ebef0409b87099427
resource_3_synthetic_demo/f10_calibration.png,105867,a1492062a092adb8295e70b3de9a98bfa2b44d41e32da47b4a9f00ba286df498
resource_3_synthetic_demo/f11_mismatch.png,289394,f43d871c694c10d94ea0c6239e5f528e0748857d2d016fede5cf8d642dcd3dc4
resource_3_synthetic_demo/f6_data.png,212316,c6e33d1c4c2730c97f028fa38cb3a1169f993bccbffeb78b385332c53cea4493
resource_3_synthetic_demo/f7_fit.png,398892,6b06cf80b8f6e50186ffc139cdadcd58a2c3b79f2b2cea394f5fc81057ae11a7
resource_3_synthetic_demo/f8_posterior.png,1424557,9cc9d6b470449af5673d14efeeaacdd05314bf0b13ae06d893afa1c1d82e0f27
resource_3_synthetic_demo/f9_tradeoff.png,203343,7d077271483ef584a49c3675ec4186e4a477eb4fbb5225d853d4942271dba5d5
resource_3_synthetic_demo/gnss_obs.csv,572,9814355ec116f9cd0ee35015e972227321c68de5220addb53e08d03827581611
resource_3_synthetic_demo/insar_obs.csv,13126,859cb6eecbd970c6f35299cb8bcc460e47b721f9b1f27f6fdd86421cf57bfdd7
resource_3_synthetic_demo/or3_demo.py,23215,170a073e2a17e128809d580ffc11f38457cc71a84fccd059e53c8ded98f2489d
resource_3_synthetic_demo/or3_trace_replay.py,10705,a8e3301947b23a2ddb822e0c6504326a4aa9119a54e67625263f6937a48cab77
resource_3_synthetic_demo/package_metadata.json,928,7b13c2c32ec313979612332abaa9f264827854cc3bcee29e0dbada670750b0bb
resource_3_synthetic_demo/posterior_trace_samples_replay.npz,11360207,3686accef403cef0c60890fb397ece544acf20cf79f3e206d36e6d357183be50
resource_3_synthetic_demo/requirements_lock.txt,150,741301ac4fc23199a2f60bff240cfce34424286ed1833a91b22875c59926aacd
resource_3_synthetic_demo/run_log.txt,1473,185bd7d7ef813c4da7f8793b79b8bd94b3d545026302174f9fa32e9c6aa3db51
resource_3_synthetic_demo/trace_ramp_nuisance_parameters.png,2231856,0ba079f9d9ff53e56a6f51a8f3833a1763420ab7b3cd4032df490e4c151adbe1
resource_3_synthetic_demo/trace_replay_diagnostics.json,2012,dc2f4348fbbb2fa91fa073e5a0365833f99b3a5d4e88d9f58a6b013d3064119a
resource_3_synthetic_demo/trace_replay_log.txt,2661,dfd337be841509678580279659c9aa64f15cf2ccea02f780ad4c8f95c10cc917
resource_3_synthetic_demo/trace_running_diagnostics.png,214333,222491645306a48f4401b24d958de3729aaf4bc8e35bc3fdc3d6b019d6d3613b
resource_3_synthetic_demo/trace_source_parameters.png,3038642,cda0d74862f9376c26ebbeb1a5ef69ff73353055ccf70c1cca211c101abefbed
