station,x_m,y_m,uE_m,uN_m,uU_m,sig_h_m,sig_v_m
G1,-3000.0,-2500.0,-0.015905,-0.008939,0.021204,0.002,0.005
G2,-1500.0,2500.0,-0.008928,0.016978,0.018076,0.002,0.005
G3,0.0,-3200.0,-0.009648,-0.022458,0.022379,0.002,0.005
G4,500.0,1500.0,-0.003926,0.021210,0.045021,0.002,0.005
G5,2800.0,-1000.0,0.019285,-0.004540,0.034589,0.002,0.005
G6,-2800.0,800.0,-0.017443,0.000748,0.003133,0.002,0.005
G7,1800.0,3000.0,0.008317,0.022615,0.020917,0.002,0.005
G8,3200.0,2200.0,0.016665,0.015078,0.029574,0.002,0.005
G9,-500.0,-800.0,-0.018897,-0.005956,0.044799,0.002,0.005
